-2.0, -1.9, -1.8, -1.7, -1.6, -1.5, -1.4, -1.3, -1.2, -1.1, -1.0, -0.9, -0.8, -0.7, -0.6, -0.5, -0.4, -0.3, -0.2, -0.1, 0.0, 0.1, 0.2, 0.3, 0.4, 0.5, 0.6, 0.7, 0.8, 0.9, 1.0, 1.1, 1.2, 1.3, 1.4, 1.5, 1.6, 1.7, 1.8, 1.9, 2.0
-0.11056824763799043,-0.10578386833021348,-0.10059130534364029,-0.09499794753434442,-0.08903022722201732,-0.0826601569191548,-0.07598108796369608,-0.06900494469129428,-0.0618025268666033,-0.054466127479896986,-0.04708250633023411,-0.03977883603832124,-0.032667377441948725,-0.025912834729743338,-0.01963990870631159,-0.014014332845926156,-0.009175373188595182,-0.005252761336178039,-0.0023649916930055864,-0.0005959810630270074,0.0,-0.0005959810630270074,-0.0023649916930055864,-0.005252761336178039,-0.009175373188595182,-0.014014332845926156,-0.01963990870631159,-0.025912834729743338,-0.03266737744194872,-0.03977883603832124,-0.04708250633023411,-0.054466127479896986,-0.0618025268666033,-0.06900494469129428,-0.07598108796369608,-0.0826601569191548,-0.08903022722201732,-0.09499794753434442,-0.10059130534364029,-0.10578386833021348,-0.11056824763799043,
-0.1195054383372752,-0.1144291028245218,-0.10889101062053429,-0.10293671728413871,-0.09655097013986061,-0.0897315987065791,-0.08256937270790438,-0.0750576842213099,-0.06730528800737373,-0.059372030791613545,-0.051391295404902136,-0.04345788271292466,-0.0357344815714244,-0.02837181372705952,-0.021523408014810917,-0.015374336469084378,-0.010070199449323913,-0.005769578089009075,-0.0025993123492979286,-0.000655154501989032,0.0,-0.000655154501989032,-0.0025993123492979294,-0.005769578089009075,-0.010070199449323913,-0.015374336469084378,-0.021523408014810917,-0.02837181372705952,-0.0357344815714244,-0.04345788271292466,-0.051391295404902136,-0.059372030791613545,-0.06730528800737373,-0.0750576842213099,-0.08256937270790438,-0.0897315987065791,-0.0965509701398606,-0.10293671728413871,-0.10889101062053429,-0.11442910282452179,-0.1195054383372752,
-0.1294871463894601,-0.12408075517721853,-0.1181699537040376,-0.11182169625930505,-0.10496722723660702,-0.0976683865905873,-0.08996043243125446,-0.08187325265971854,-0.07349796750812164,-0.0649116333372812,-0.056254503278061314,-0.04762003730953697,-0.03921046002561338,-0.031156987381047593,-0.023668332441627332,-0.016919166449517346,-0.011089881823122996,-0.006359957466952866,-0.0028663143412490776,-0.0007225050444978603,0.0,-0.0007225050444978603,-0.0028663143412490776,-0.006359957466952866,-0.011089881823123,-0.016919166449517346,-0.023668332441627332,-0.031156987381047593,-0.03921046002561338,-0.04762003730953698,-0.056254503278061314,-0.0649116333372812,-0.07349796750812163,-0.08187325265971854,-0.08996043243125446,-0.0976683865905873,-0.104967227236607,-0.11182169625930505,-0.1181699537040376,-0.12408075517721853,-0.1294871463894601,
-0.14067072053141907,-0.13489325074460112,-0.1285905419349656,-0.12179493973726076,-0.11443336870727448,-0.10660201021677192,-0.09828488268387903,-0.08956848893841844,-0.08049150074949055,-0.07118964273725273,-0.06176327301073481,-0.05235767683074072,-0.043161689886303194,-0.03433623776047918,-0.026116082121135926,-0.018681831997036404,-0.012260121000867381,-0.007035677507669641,-0.0031716994654793383,-0.0007997108845429819,0.0,-0.0007997108845429819,-0.003171699465479339,-0.007035677507669641,-0.012260121000867381,-0.018681831997036408,-0.026116082121135926,-0.03433623776047918,-0.043161689886303194,-0.05235767683074072,-0.06176327301073481,-0.07118964273725273,-0.08049150074949055,-0.08956848893841846,-0.09828488268387903,-0.10660201021677192,-0.11443336870727448,-0.12179493973726076,-0.1285905419349656,-0.13489325074460112,-0.14067072053141907,
-0.15324288475175904,-0.14705448773747337,-0.14033025677912472,-0.13303050936647837,-0.12512813229402625,-0.11669371856489917,-0.107713703447984,-0.09828462589616285,-0.08843232084249239,-0.07832810600127091,-0.06803312238015638,-0.05776600142999668,-0.04767243156158081,-0.03798238476545151,-0.02891966541832746,-0.02071006213570792,-0.013606396080468926,-0.007812479144411525,-0.003523661326924365,-0.0008889851371011649,0.0,-0.0008889851371011649,-0.003523661326924366,-0.007812479144411525,-0.013606396080468923,-0.02071006213570792,-0.02891966541832746,-0.037982384765451516,-0.04767243156158081,-0.05776600142999668,-0.06803312238015638,-0.07832810600127091,-0.0884323208424924,-0.09828462589616285,-0.107713703447984,-0.11669371856489917,-0.12512813229402625,-0.13303050936647837,-0.14033025677912475,-0.14705448773747337,-0.15324288475175904,
-0.1674297804171697,-0.16080104878328186,-0.15360394521952808,-0.14574396577782214,-0.13725244370659134,-0.1281393869187072,-0.11843672025666317,-0.10819940296318593,-0.09749806898475527,-0.0864762362148896,-0.07521887034534475,-0.0639632517998925,-0.05285575443235672,-0.04217914113118895,-0.03214902740173724,-0.023056146024982738,-0.015161727240864249,-0.00871123816857021,-0.003932486245874832,-0.0009925587564593146,0.0,-0.0009925587564593146,-0.003932486245874832,-0.00871123816857021,-0.015161727240864249,-0.02305614602498273,-0.03214902740173724,-0.04217914113118895,-0.05285575443235672,-0.0639632517998925,-0.07521887034534475,-0.0864762362148896,-0.09749806898475528,-0.10819940296318593,-0.11843672025666316,-0.1281393869187072,-0.13725244370659134,-0.14574396577782214,-0.15360394521952808,-0.16080104878328186,-0.1674297804171697,
-0.18350734309142222,-0.17640900760162156,-0.1686766208921533,-0.1602040686390186,-0.15105289527086824,-0.14118379223227165,-0.13068103877773565,-0.11953379362418669,-0.10788797630203627,-0.09582139663646971,-0.08349129411268756,-0.07110052137581085,-0.05885120948036848,-0.04703209064679663,-0.03589592905645398,-0.025781215058676546,-0.01696944475905096,-0.009759858193688964,-0.004409325882438346,-0.0011133100596293628,0.0,-0.001113310059629362,-0.004409325882438346,-0.00975985819368896,-0.01696944475905096,-0.025781215058676553,-0.03589592905645398,-0.04703209064679663,-0.05885120948036848,-0.07110052137581085,-0.08349129411268756,-0.09582139663646971,-0.10788797630203627,-0.11953379362418673,-0.13068103877773565,-0.14118379223227165,-0.15105289527086826,-0.16020406863901862,-0.1686766208921533,-0.17640900760162156,-0.18350734309142222,
-0.2018163885973512,-0.19420663479389755,-0.18587103123990048,-0.1767322494846204,-0.16683327276784257,-0.15613554232474502,-0.14472466502369769,-0.13256443005437366,-0.11984935983332574,-0.10660178564346277,-0.09305764259789787,-0.07936746356289565,-0.06581766922688527,-0.052677002850091546,-0.040272864025532096,-0.028964043086019443,-0.019085579753818024,-0.010990234074985578,-0.0049686944832506115,-0.0012550215349147143,0.0,-0.001255021534914714,-0.004968694483250611,-0.010990234074985575,-0.019085579753818024,-0.028964043086019443,-0.040272864025532096,-0.052677002850091546,-0.06581766922688527,-0.07936746356289565,-0.09305764259789787,-0.10660178564346279,-0.11984935983332574,-0.13256443005437366,-0.14472466502369769,-0.15613554232474502,-0.16683327276784257,-0.1767322494846204,-0.18587103123990048,-0.19420663479389755,-0.2018163885973512,
-0.2227765395477162,-0.2145984230031061,-0.20558426155434376,-0.19571408396849962,-0.1849719971994054,-0.17335930991838985,-0.16091375415332848,-0.14763490423639788,-0.1336938355271261,-0.11912187783929229,-0.1041793004528016,-0.08900996429986953,-0.07395732751155797,-0.05928825088775323,-0.04541316373987398,-0.03270708219959044,-0.021583046476580756,-0.012442792138759012,-0.005629575697165899,-0.0014226380561181524,0.0,-0.001422638056118153,-0.005629575697165899,-0.012442792138759012,-0.021583046476580756,-0.032707082199590454,-0.045413163739873974,-0.05928825088775322,-0.07395732751155797,-0.08900996429986953,-0.1041793004528016,-0.11912187783929229,-0.1336938355271261,-0.14763490423639788,-0.16091375415332848,-0.17335930991838985,-0.1849719971994054,-0.19571408396849962,-0.20558426155434378,-0.2145984230031061,-0.22277653954771623,
-0.24690981648934604,-0.23808403682477763,-0.22831351915122325,-0.21762605789885975,-0.205935616250657,-0.19330168609150372,-0.17968239176361767,-0.16515564176083944,-0.14981113418557537,-0.13374765185607188,-0.11718920840051711,-0.1003345173402233,-0.08352982687761248,-0.06709349529846739,-0.051490214463799866,-0.03714308158771114,-0.024550669045979936,-0.014170429428980188,-0.0064168269979578,-0.0016225509710884119,0.0,-0.0016225509710884119,-0.006416826997957803,-0.014170429428980192,-0.024550669045979936,-0.03714308158771114,-0.05149021446379988,-0.06709349529846742,-0.08352982687761248,-0.1003345173402233,-0.11718920840051711,-0.13374765185607188,-0.14981113418557537,-0.16515564176083944,-0.17968239176361767,-0.19330168609150372,-0.20593561625065704,-0.21762605789885975,-0.22831351915122328,-0.23808403682477763,-0.24690981648934604,
-0.27485141744630537,-0.26528544200165277,-0.2546818088324329,-0.24306361790656236,-0.2303138124187759,-0.21652609491462604,-0.20158135628319176,-0.18564266262690393,-0.16869649590897634,-0.15093652055034287,-0.13251438673324725,-0.11371900350221228,-0.09486885848726165,-0.0763753721894305,-0.0587297955846149,-0.04244597185262369,-0.028104295472919205,-0.01624294464764494,-0.007362971722629767,-0.0018630733405087551,0.0,-0.0018630733405087543,-0.007362971722629767,-0.01624294464764494,-0.028104295472919205,-0.04244597185262369,-0.0587297955846149,-0.0763753721894305,-0.09486885848726165,-0.11371900350221228,-0.13251438673324725,-0.15093652055034285,-0.16869649590897634,-0.18564266262690393,-0.20158135628319176,-0.21652609491462604,-0.2303138124187759,-0.24306361790656236,-0.2546818088324329,-0.26528544200165277,-0.27485141744630537,
-0.3073945668271407,-0.29698550564314746,-0.2854548884452113,-0.2727742034900776,-0.25885093650271823,-0.24374201701677714,-0.22731445761786748,-0.20975265527060855,-0.19098905454378864,-0.17127446371768257,-0.15070487614558714,-0.12965208204590215,-0.10841071942787325,-0.08749721881422665,-0.06742882174965567,-0.048840650964495996,-0.03239761097447063,-0.018752607863300286,-0.00851088030451851,-0.002155084848598254,0.0,-0.002155084848598254,-0.00851088030451851,-0.01875260786330029,-0.032397610974470636,-0.048840650964495996,-0.06742882174965564,-0.08749721881422667,-0.10841071942787324,-0.12965208204590215,-0.15070487614558714,-0.17127446371768257,-0.19098905454378867,-0.2097526552706086,-0.22731445761786748,-0.24374201701677714,-0.25885093650271823,-0.2727742034900776,-0.2854548884452113,-0.29698550564314746,-0.3073945668271407,
-0.34553577206549935,-0.3341679069142313,-0.32159395510930094,-0.30770788423199175,-0.2924690088800148,-0.2758506224186401,-0.2577620294262973,-0.23833046355075857,-0.2175072080563533,-0.19551960504766097,-0.17248022912574748,-0.14877480533444468,-0.12473215153221809,-0.10094001913078615,-0.07798159778330614,-0.05662297254121593,-0.037636691531108504,-0.021823252037239265,-0.009917704347889203,-0.0025133088016544994,0.0,-0.0025133088016544977,-0.009917704347889203,-0.021823252037239265,-0.037636691531108504,-0.05662297254121594,-0.07798159778330614,-0.10094001913078615,-0.1247321515322181,-0.14877480533444468,-0.17248022912574745,-0.19551960504766097,-0.2175072080563533,-0.23833046355075857,-0.2577620294262973,-0.2758506224186401,-0.2924690088800147,-0.30770788423199175,-0.32159395510930094,-0.3341679069142313,-0.3455357720654994,
-0.3905318985350195,-0.37807670928084125,-0.36432062446274327,-0.34906669679712804,-0.3323434917890734,-0.31400383703518875,-0.294042297073402,-0.27246605903772214,-0.24929181874892464,-0.22466311614343165,-0.19876405420295462,-0.17193305517911972,-0.14458695849769537,-0.11734757182986988,-0.09091935037068027,-0.06619327096108668,-0.044101302146320714,-0.025622927479668586,-0.01166169698963947,-0.0029579753371457686,0.0,-0.0029579753371457686,-0.011661696989639472,-0.025622927479668593,-0.044101302146320714,-0.06619327096108668,-0.09091935037068027,-0.11734757182986988,-0.14458695849769537,-0.17193305517911978,-0.19876405420295462,-0.22466311614343165,-0.24929181874892464,-0.27246605903772214,-0.294042297073402,-0.31400383703518875,-0.33234349178907346,-0.34906669679712804,-0.36432062446274327,-0.37807670928084125,-0.3905318985350195,
-0.44396727045328876,-0.430286564312813,-0.4151795758098932,-0.3983822382977944,-0.37997904215455824,-0.35968838611924525,-0.3376077984607107,-0.31357473609514397,-0.2877052936982611,-0.26001631283924254,-0.23078034114036564,-0.20025669761718096,-0.16898109333245356,-0.13759378559764673,-0.10695739973370813,-0.07810229389292861,-0.052176172605737675,-0.030383224846055285,-0.013851550740193366,-0.0035172339780622113,0.0,-0.0035172339780622113,-0.013851550740193366,-0.030383224846055285,-0.052176172605737675,-0.07810229389292862,-0.10695739973370813,-0.13759378559764673,-0.16898109333245354,-0.200256697617181,-0.23078034114036566,-0.26001631283924254,-0.2877052936982611,-0.31357473609514397,-0.3376077984607107,-0.35968838611924525,-0.37997904215455824,-0.3983822382977944,-0.4151795758098933,-0.430286564312813,-0.44396727045328876,
-0.5077984657538023,-0.4927523084424055,-0.47610346474107273,-0.4576044241443856,-0.43729034281775275,-0.4148318900870956,-0.3903350396500238,-0.36352578956354364,-0.3345528232206635,-0.303326788377582,-0.27016738180529515,-0.23528407652568745,-0.19929260729794757,-0.16287943327521437,-0.12708554354627294,-0.09311884386560759,-0.062400984722321313,-0.03643190061388972,-0.0166416246497443,-0.004230951463260635,0.0,-0.004230951463260635,-0.016641624649744294,-0.03643190061388973,-0.062400984722321313,-0.09311884386560759,-0.1270855435462729,-0.16287943327521437,-0.19929260729794757,-0.2352840765256874,-0.2701673818052952,-0.303326788377582,-0.3345528232206635,-0.36352578956354364,-0.3903350396500237,-0.41483189008709564,-0.43729034281775275,-0.45760442414438557,-0.47610346474107273,-0.4927523084424055,-0.5077984657538023,
-0.5843573813599361,-0.5678150590620504,-0.5494721214671654,-0.5291325011816492,-0.5067077576920473,-0.4818770457905528,-0.45466054566083247,-0.4247594656095528,-0.3922252053726286,-0.3569418474179509,-0.31915932552155457,-0.2791186237369291,-0.2374304150137816,-0.19488344667487256,-0.1527010290107133,-0.11233502416632585,-0.07555013627664062,-0.044241113012158745,-0.020255412868175032,-0.005157068263415868,0.0,-0.005157068263415868,-0.020255412868175032,-0.044241113012158745,-0.0755501362766406,-0.11233502416632583,-0.1527010290107133,-0.19488344667487256,-0.2374304150137816,-0.2791186237369291,-0.3191593255215545,-0.3569418474179509,-0.39222520537262856,-0.4247594656095528,-0.4546605456608326,-0.4818770457905528,-0.5067077576920473,-0.5291325011816492,-0.5494721214671654,-0.5678150590620504,-0.584357381359936,
-0.6760145153959735,-0.6579977484851439,-0.6379516704751476,-0.6157713648938475,-0.591158475513009,-0.5638805527267978,-0.5337320763978001,-0.5004474289344808,-0.46390493245190284,-0.4240120608963398,-0.3808342379640734,-0.3346604230570799,-0.28607524317823485,-0.23600006608116975,-0.18581617845882958,-0.1373349593414221,-0.09275470947712991,-0.05450930641969945,-0.025024129675023814,-0.006381785978279175,0.0,-0.006381785978279175,-0.02502412967502382,-0.05450930641969945,-0.09275470947712991,-0.1373349593414221,-0.18581617845882958,-0.23600006608116975,-0.28607524317823485,-0.3346604230570799,-0.38083423796407334,-0.4240120608963398,-0.46390493245190284,-0.5004474289344808,-0.5337320763978001,-0.5638805527267978,-0.591158475513009,-0.6157713648938475,-0.6379516704751476,-0.6579977484851441,-0.6760145153959735,
-0.7840855163145566,-0.7651554788683574,-0.7439246301726605,-0.7203375594606518,-0.6938720602053683,-0.6643780399315242,-0.6313848262304825,-0.5946786788436229,-0.5538410523491979,-0.508796977049498,-0.45942997084554704,-0.4060291712639996,-0.349076051407505,-0.28967942512644895,-0.22940077057025346,-0.17047858750376627,-0.11571416810718024,-0.06829127717575884,-0.03145256440506767,-0.008037493234694186,0.0,-0.008037493234694186,-0.03145256440506767,-0.06829127717575886,-0.11571416810718024,-0.17047858750376627,-0.22940077057025351,-0.28967942512644895,-0.349076051407505,-0.4060291712639996,-0.45942997084554715,-0.508796977049498,-0.5538410523491979,-0.5946786788436229,-0.6313848262304825,-0.6643780399315242,-0.6938720602053683,-0.7203375594606518,-0.7439246301726605,-0.7651554788683574,-0.7840855163145566,
-0.905041667749494,-0.8875465345861344,-0.8672531639870806,-0.8440581172414325,-0.8172994292357345,-0.7868365856198443,-0.7519294044960929,-0.7123422525228273,-0.6674473648910243,-0.6170711470379502,-0.5608636730370375,-0.4990491059009399,-0.43205808054925027,-0.36105329455532326,-0.28791407119293716,-0.21538352726594487,-0.1470709432491595,-0.08724259370522236,-0.040339325473532625,-0.010334232249159504,0.0,-0.010334232249159499,-0.040339325473532625,-0.08724259370522233,-0.1470709432491595,-0.21538352726594487,-0.28791407119293716,-0.36105329455532326,-0.4320580805492501,-0.49904910590093987,-0.5608636730370375,-0.6170711470379502,-0.6674473648910243,-0.7123422525228273,-0.7519294044960929,-0.7868365856198443,-0.8172994292357345,-0.8440581172414325,-0.8672531639870806,-0.8875465345861344,-0.905041667749494,
-1.0236194114024115,-1.013698144858792,-1.000094688797071,-0.9823992472527868,-0.9599001672535287,-0.9322159087919049,-0.8985422875826813,-0.85844790624372,-0.8111394890069696,-0.7562006122602032,-0.6932127284258245,-0.6220940952429493,-0.543266399409576,-0.4579351390580755,-0.36827052673009636,-0.2777352939103135,-0.19105692855781478,-0.11405389075990818,-0.052993579745369314,-0.013617966062054097,0.0,-0.013617966062054097,-0.052993579745369314,-0.11405389075990818,-0.19105692855781484,-0.2777352939103135,-0.36827052673009636,-0.4579351390580755,-0.543266399409576,-0.6220940952429492,-0.6932127284258245,-0.7562006122602032,-0.8111394890069695,-0.85844790624372,-0.8985422875826813,-0.9322159087919047,-0.9599001672535287,-0.9823992472527868,-1.0000946887970712,-1.013698144858792,-1.0236194114024115,
-1.1159467697177259,-1.1205896815068905,-1.1219475159491812,-1.1187610582044136,-1.1097608721846126,-1.0936159185719605,-1.0690632900059116,-1.03502308235312,-0.9904887852813244,-0.9346808052980269,-0.8669434431059514,-0.7869554234106195,-0.6950165587384838,-0.5923370780134454,-0.48150511101137927,-0.3668443757448483,-0.2547173127646506,-0.15327580155031512,-0.07165939865546092,-0.018487010978326786,0.0,-0.018487010978326786,-0.07165939865546092,-0.15327580155031512,-0.2547173127646506,-0.3668443757448483,-0.48150511101137927,-0.5923370780134454,-0.6950165587384838,-0.7869554234106195,-0.8669434431059515,-0.9346808052980269,-0.9904887852813244,-1.03502308235312,-1.0690632900059116,-1.0936159185719605,-1.1097608721846126,-1.1187610582044136,-1.1219475159491812,-1.1205896815068905,-1.1159467697177259,
-1.1751208486541929,-1.1942791424617762,-1.2130172642022152,-1.229989976832876,-1.2433681080248329,-1.2504244185407734,-1.24832987319904,-1.2340239032017861,-1.2048051318387498,-1.1584990205497752,-1.0936185168556736,-1.0092154999675218,-0.9053140975363395,-0.7831342495122542,-0.6456647705497475,-0.49850483982774707,-0.3503563926950763,-0.2130320956138296,-0.1004047848637291,-0.026036363507549003,0.0,-0.026036363507549003,-0.10040478486372914,-0.2130320956138296,-0.3503563926950763,-0.49850483982774707,-0.6456647705497475,-0.7831342495122542,-0.9053140975363395,-1.0092154999675222,-1.0936185168556736,-1.1584990205497752,-1.2048051318387498,-1.2340239032017861,-1.24832987319904,-1.2504244185407734,-1.2433681080248329,-1.229989976832876,-1.2130172642022152,-1.1942791424617762,-1.1751208486541929,
-1.2119380548271899,-1.241461792778827,-1.2736655632693459,-1.308219429058413,-1.343983798024885,-1.3787409078195587,-1.409190313664343,-1.430524244241338,-1.436675952128827,-1.4214602251472597,-1.3789978834274108,-1.3053928089925653,-1.1987014210479947,-1.0594705152674186,-0.8910202542191148,-0.7006336777459092,-0.5005878078984596,-0.3087015260838416,-0.1471006630376696,-0.03841411339630259,0.0,-0.03841411339630259,-0.1471006630376696,-0.3087015260838416,-0.5005878078984596,-0.7006336777459092,-0.891020254219115,-1.0594705152674184,-1.1987014210479947,-1.3053928089925653,-1.3789978834274113,-1.4214602251472597,-1.436675952128827,-1.4305242442413377,-1.4091903136643429,-1.3787409078195587,-1.343983798024885,-1.308219429058413,-1.2736655632693459,-1.241461792778827,-1.2119380548271899,
-1.2364629649160555,-1.2730170652251676,-1.314564873838686,-1.3618444633436353,-1.4147617079710295,-1.4728280319987876,-1.5343761154323543,-1.5961070843726217,-1.6520368918419663,-1.6930958472091764,-1.7067664963758307,-1.6795895705812827,-1.6003217665111698,-1.4628953947280288,-1.2680791510943599,-1.024432814081734,-0.7495659692870312,-0.4716744484622173,-0.22831045578079714,-0.060223011065743196,0.0,-0.060223011065743196,-0.22831045578079714,-0.4716744484622173,-0.7495659692870312,-1.024432814081734,-1.2680791510943599,-1.462895394728029,-1.6003217665111695,-1.6795895705812829,-1.7067664963758298,-1.6930958472091762,-1.6520368918419663,-1.5961070843726217,-1.5343761154323543,-1.4728280319987876,-1.4147617079710295,-1.3618444633436353,-1.314564873838686,-1.2730170652251676,-1.2364629649160555,
-1.254182442313873,-1.295763020056855,-1.3440545058633335,-1.4005402647928067,-1.4660165597652721,-1.541533598276608,-1.62757172232751,-1.7235935828499915,-1.8275253053408902,-1.9335016197695678,-2.0301824188267954,-2.097838144108386,-2.109372975737888,-2.034886888843985,-1.8540299626655699,-1.5649940871937988,-1.1890526888846913,-0.7720078136546209,-0.38279051484128024,-0.10253849781602822,0.0,-0.10253849781602827,-0.38279051484128024,-0.7720078136546209,-1.1890526888846913,-1.5649940871937988,-1.8540299626655699,-2.034886888843985,-2.109372975737888,-2.097838144108386,-2.0301824188267954,-1.9335016197695678,-1.8275253053408902,-1.7235935828499915,-1.62757172232751,-1.541533598276608,-1.4660165597652721,-1.4005402647928067,-1.3440545058633335,-1.2957630200568548,-1.254182442313873,
-1.267828346113423,-1.3132450112419605,-1.3667607455868165,-1.4303030195023922,-1.5054511493744025,-1.5943658584195095,-1.6993836696134759,-1.8223846270670792,-1.965704454794993,-2.1290163521356127,-2.3094227566455605,-2.495480736981385,-2.6623024854428055,-2.7619123021242458,-2.724936949097524,-2.4838580645666766,-2.018018433234631,-1.3837315315803833,-0.714949099006871,-0.1965843489021299,0.0,-0.1965843489021299,-0.714949099006871,-1.3837315315803835,-2.01801843323463,-2.4838580645666766,-2.7249369490975237,-2.7619123021242444,-2.6623024854428055,-2.495480736981385,-2.3094227566455605,-2.1290163521356127,-1.965704454794993,-1.8223846270670792,-1.6993836696134759,-1.5943658584195095,-1.5054511493744025,-1.4303030195023922,-1.3667607455868165,-1.3132450112419605,-1.267828346113423,
-1.2787348488258587,-1.3272347915235314,-1.3850466541623165,-1.4543125198284967,-1.5373929117634568,-1.6372218874493099,-1.7577335351355832,-1.9028653043193433,-2.0785559506936115,-2.2899873477224455,-2.543179546834204,-2.841195691640891,-3.179715315159175,-3.5342913046023297,-3.836737740601294,-3.9413215129047696,-3.6344317531153565,-2.7858494683972985,-1.5650813122380858,-0.4533455827748948,0.0,-0.4533455827748948,-1.5650813122380858,-2.7858494683972985,-3.6344317531153565,-3.94132151290477,-3.836737740601294,-3.5342913046023297,-3.179715315159175,-2.841195691640891,-2.543179546834204,-2.289987347722445,-2.0785559506936115,-1.9028653043193433,-1.7577335351355832,-1.6372218874493096,-1.5373929117634568,-1.4543125198284967,-1.3850466541623165,-1.3272347915235314,-1.2787348488258587,
-1.2874524734712733,-1.33850325189719,-1.399916975032392,-1.4739852073533792,-1.5637834909709531,-1.6729665774865379,-1.806698710001796,-1.9711023443315572,-2.1749366198972404,-2.4288677973666895,-2.7469267543111466,-3.147363598028595,-3.650272713103351,-4.275281683239264,-5.02395472213389,-5.833896455950267,-6.454032250445767,-6.230611343371832,-4.345317984274258,-1.4464660192839518,0.0,-1.4464660192839518,-4.34531798427426,-6.230611343371832,-6.454032250445767,-5.833896455950267,-5.02395472213389,-4.275281683239264,-3.6502727131033517,-3.147363598028595,-2.7469267543111466,-2.4288677973666895,-2.1749366198972404,-1.9711023443315572,-1.806698710001796,-1.6729665774865379,-1.5637834909709531,-1.4739852073533792,-1.399916975032392,-1.33850325189719,-1.2874524734712733,
-1.2938888510953648,-1.3469824148649892,-1.4112753478602849,-1.4892677578721314,-1.584576394538158,-1.7016566010387384,-1.8466120994334394,-2.027870680476733,-2.256660470503443,-2.549330855811045,-2.9283475456888657,-3.4279085327500565,-4.097076269680045,-5.0101983207326075,-6.275502579314251,-8.041007926020084,-10.452537189770863,-13.387783056929313,-15.181143863363456,-9.082850901235005,0.0,-9.082850901235005,-15.181143863363456,-13.387783056929313,-10.452537189770865,-8.041007926020084,-6.275502579314251,-5.0101983207326075,-4.097076269680045,-3.4279085327500565,-2.9283475456888657,-2.549330855811045,-2.256660470503443,-2.027870680476733,-1.8466120994334394,-1.7016566010387384,-1.584576394538158,-1.4892677578721314,-1.4112753478602849,-1.3469824148649892,-1.2938888510953648,
-1.2965771392561982,-1.350725236647942,-1.4165245335523808,-1.496645969112997,-1.594940473269619,-1.716566386120888,-1.8680144886183243,-2.059483464899153,-2.3039773236437937,-2.6220124402053115,-3.043523119419664,-3.6166368261347537,-4.419979348199317,-5.5909322487578486,-7.3859166270521674,-10.32619284968299,-15.595479544625913,-26.29564334497144,-52.11328254170387,-125.80629360863922,0.0,-125.80629360863925,-52.11328254170387,-26.29564334497144,-15.595479544625912,-10.32619284968299,-7.3859166270521674,-5.5909322487578486,-4.419979348199317,-3.6166368261347537,-3.043523119419664,-2.6220124402053115,-2.3039773236437937,-2.059483464899153,-1.8680144886183243,-1.716566386120888,-1.594940473269619,-1.496645969112997,-1.4165245335523808,-1.350725236647942,-1.2965771392561982,
-1.2955439392161674,-1.3496417308093835,-1.415369710284141,-1.4954482352567415,-1.5936520856966359,-1.7152845795654286,-1.866644376176477,-2.058156311206161,-2.302805072888057,-2.620962422539529,-3.0432983892955106,-3.617458292527618,-4.42364768475089,-5.601276172002282,-7.414095586382703,-10.40780497795326,-15.868147170741002,-27.44301867437533,-59.09382852781549,-207.93037787848124,0.0,-207.9303778784812,-59.09382852781549,-27.44301867437533,-15.868147170741002,-10.40780497795326,-7.414095586382703,-5.601276172002282,-4.42364768475089,-3.617458292527618,-3.0432983892955106,-2.620962422539529,-2.302805072888057,-2.058156311206161,-1.866644376176477,-1.7152845795654286,-1.5936520856966359,-1.4954482352567415,-1.415369710284141,-1.3496417308093835,-1.2955439392161674,
-1.2944674798702422,-1.3485246511341746,-1.414132818664215,-1.494139337995697,-1.5922524927347403,-1.7137411335700397,-1.8651026393116026,-2.05639354231356,-2.3010674533943236,-2.6188681639237794,-3.0409314243750263,-3.614867609844832,-4.420639918024286,-5.597855412433325,-7.410199546488037,-10.4066088857609,-15.877778176581495,-27.512188559210472,-59.67657270416915,-215.3693090170841,0.0,-215.3693090170841,-59.67657270416915,-27.512188559210472,-15.877778176581495,-10.4066088857609,-7.410199546488037,-5.597855412433325,-4.420639918024286,-3.614867609844832,-3.0409314243750263,-2.6188681639237794,-2.3010674533943236,-2.05639354231356,-1.8651026393116026,-1.7137411335700397,-1.5922524927347403,-1.494139337995697,-1.414132818664215,-1.3485246511341746,-1.2944674798702422,
-1.293400575498898,-1.347406533464122,-1.4129064557942619,-1.492863459565489,-1.5908945900596592,-1.7122056909027557,-1.8636169098578557,-2.0547060877939587,-2.299310991789481,-2.6170515230299847,-3.038919265477648,-3.612801491766877,-4.418343780820902,-5.595577122540304,-7.408662042979445,-10.405002541682345,-15.882630054608544,-27.560849363103525,-59.92419044270476,-217.97380599646158,0.0,-217.97380599646158,-59.92419044270476,-27.560849363103525,-15.882630054608544,-10.405002541682345,-7.408662042979445,-5.595577122540304,-4.418343780820902,-3.612801491766877,-3.038919265477648,-2.6170515230299847,-2.299310991789481,-2.0547060877939587,-1.8636169098578557,-1.7122056909027557,-1.5908945900596592,-1.492863459565489,-1.4129064557942619,-1.347406533464122,-1.293400575498898,
-1.2923444294958466,-1.3462919273033984,-1.4117168366448596,-1.4915554251338308,-1.5896110369081389,-1.7106900021716287,-1.862186539897559,-2.053099506983643,-2.2975468486595427,-2.615405346205561,-3.0371323275577637,-3.6110451644750414,-4.416633863894215,-5.594481241462847,-7.407685976998252,-10.405200760924464,-15.890838851066977,-27.62277718206863,-60.219949511034855,-218.60679923122498,0.0,-218.60679923122498,-60.219949511034855,-27.62277718206863,-15.890838851066977,-10.405200760924464,-7.407685976998252,-5.594481241462847,-4.416633863894215,-3.6110451644750414,-3.0371323275577637,-2.615405346205561,-2.2975468486595427,-2.053099506983643,-1.862186539897559,-1.7106900021716287,-1.5896110369081389,-1.4915554251338308,-1.4117168366448596,-1.3462919273033984,-1.2923444294958466,
-1.2913046751733066,-1.3451757685160848,-1.4105477287311556,-1.4902650171149716,-1.588323027356968,-1.7092180374316122,-1.860660738508159,-2.0516273607435407,-2.295842527328541,-2.6138332453966435,-3.035452168225475,-3.6093616765839105,-4.415313729874346,-5.625630442798795,-7.405795992730031,-10.405461948472691,-15.89738096353111,-27.639557413951056,-60.337490362741796,-218.08951275511077,0.0,-218.08951275511077,-60.337490362741796,-27.639557413951056,-15.89738096353111,-10.405461948472691,-7.405795992730031,-5.625630442798795,-4.415313729874346,-3.6093616765839105,-3.035452168225475,-2.6138332453966435,-2.295842527328541,-2.0516273607435407,-1.860660738508159,-1.7092180374316122,-1.588323027356968,-1.4902650171149716,-1.4105477287311556,-1.3451757685160848,-1.2913046751733066,
-1.290267302518867,-1.344060673920797,-1.4093813450576755,-1.4889987016088726,-1.5869729762360603,-1.7078618049009249,-1.859163438408912,-2.0501784205103166,-2.2942599565562003,-2.612142003967799,-3.033889490282293,-3.607986275859854,-4.419216720361423,-5.5914687255027475,-7.40448583810407,-10.405850426344234,-15.904648095966586,-27.65544595580719,-60.468197352238285,-216.10130822893692,0.0,-216.10130822893692,-60.468197352238285,-27.65544595580719,-15.904648095966586,-10.405850426344234,-7.40448583810407,-5.5914687255027475,-4.419216720361423,-3.607986275859854,-3.033889490282293,-2.612142003967799,-2.2942599565562003,-2.0501784205103166,-1.859163438408912,-1.7078618049009249,-1.5869729762360603,-1.4889987016088726,-1.4093813450576755,-1.344060673920797,-1.290267302518867,
-1.2892347117986025,-1.342947675188148,-1.4082031243878423,-1.4877385412398145,-1.5855731448130204,-1.7065165446729247,-1.8576556422355037,-2.0486212126489076,-2.2928201472889285,-2.6105530598195026,-3.032488240376682,-3.6075988061722803,-4.41331224130562,-5.589058901249284,-7.403261906213912,-10.40619506155061,-15.90799380704753,-27.687415433666438,-60.56330646682323,-213.19977306824967,0.0,-213.19977306824967,-60.56330646682323,-27.687415433666438,-15.907993807047529,-10.40619506155061,-7.403261906213912,-5.589058901249284,-4.41331224130562,-3.6075988061722803,-3.032488240376682,-2.6105530598195026,-2.2928201472889285,-2.0486212126489076,-1.8576556422355037,-1.7065165446729247,-1.5855731448130204,-1.4877385412398145,-1.4082031243878423,-1.342947675188148,-1.2892347117986025,
-1.2881991169761757,-1.3418290629371397,-1.4069940400131995,-1.486514818226874,-1.5841487118778133,-1.7052020285043064,-1.8561862164054537,-2.046983348466371,-2.291386189076038,-2.6090221436912064,-3.0313033878910027,-3.6906885870164245,-4.410376794718849,-5.58746319748572,-7.40231513124216,-10.40685513796037,-15.88469827838191,-27.656086262862313,-60.646571718433385,-209.0452112014824,0.0,-209.0452112014824,-60.646571718433385,-27.656086262862313,-15.88469827838191,-10.40685513796037,-7.40231513124216,-5.58746319748572,-4.410376794718849,-3.6906885870164245,-3.0313033878910027,-2.6090221436912064,-2.291386189076038,-2.046983348466371,-1.8561862164054537,-1.7052020285043064,-1.5841487118778133,-1.486514818226874,-1.4069940400131995,-1.3418290629371397,-1.2881991169761757,
-1.2871473992295988,-1.3407192993539927,-1.4057777346294018,-1.48532443858409,-1.5827504168390498,-1.703789676192598,-1.8548369633078758,-2.0454422904603105,-2.289842864656596,-2.607825661113426,-3.031744557374044,-3.6037722945814825,-4.408426195152719,-5.586103532112464,-7.4014375200999485,-10.406464858837468,-15.914996352072528,-27.705674726463034,-60.766729056943205,-203.55773474689514,0.0,-203.55773474689514,-60.766729056943205,-27.705674726463034,-15.914996352072528,-10.406464858837468,-7.4014375200999485,-5.586103532112464,-4.408426195152719,-3.6037722945814825,-3.031744557374044,-2.607825661113426,-2.289842864656596,-2.0454422904603105,-1.8548369633078758,-1.703789676192598,-1.5827504168390498,-1.48532443858409,-1.4057777346294018,-1.3407192993539927,-1.2871473992295988,
-1.2861005378513706,-1.3396197345798846,-1.404564418594592,-1.4840833815606203,-1.5814187388175789,-1.7023562715128027,-1.8534428674723091,-2.044030993793872,-2.288344076352977,-2.6067932047661975,2630.038198439875,-3.60145045615172,-4.406776021530408,-5.584472370007213,-7.401276222089768,-10.408492578320832,-15.920973421533446,-27.722014926816534,-60.66534729852898,-196.46843042189118,0.0,-196.46843042189118,-60.66534729852898,-27.722014926816534,-15.920973421533446,-10.408492578320832,-7.401276222089768,-5.584472370007213,-4.406776021530408,-3.60145045615172,2630.0381984398755,-2.6067932047661975,-2.288344076352977,-2.044030993793872,-1.8534428674723091,-1.7023562715128027,-1.5814187388175789,-1.4840833815606203,-1.404564418594592,-1.3396197345798846,-1.2861005378513706,
-1.2850604004577966,-1.338514662030505,-1.4033739053810956,-1.482783223619964,-1.5801370873362202,-1.70093457791313,-1.8519180796578203,-2.042758064884891,-2.2870604695771095,-2.607414221418969,-3.027191897933204,-3.599601194023816,-4.4050246873769945,-5.582992721760472,-7.407881160341545,-10.40534007663549,-15.987208853327319,-27.734400763871765,-60.637026303761054,-188.09995811524763,0.0,-188.0999581152477,-60.637026303761054,-27.734400763871765,-15.987208853327319,-10.40534007663549,-7.407881160341545,-5.582992721760472,-4.4050246873769945,-3.599601194023816,-3.027191897933204,-2.607414221418969,-2.2870604695771095,-2.042758064884891,-1.8519180796578203,-1.70093457791313,-1.5801370873362202,-1.482783223619964,-1.4033739053810956,-1.338514662030505,-1.2850604004577966,
-1.2840189879859312,-1.3373982422895692,-1.4021915650619925,-1.4814387912331413,-1.5788832517603462,-1.6995344782083204,-1.8503846239202517,-2.0413525371365244,-2.2861970164316676,-2.77025109804338,-3.0248418501052634,-3.5978128652973944,-4.4034717773859935,-5.581610784779082,-7.398424594113332,-10.406839135421503,-15.916802685838833,-27.747702306334197,-60.71630310617162,-179.47810469753955,0.0,-179.47810469753952,-60.71630310617162,-27.747702306334197,-15.916802685838833,-10.406839135421503,-7.398424594113332,-5.581610784779082,-4.4034717773859935,-3.5978128652973944,-3.0248418501052634,-2.77025109804338,-2.2861970164316676,-2.0413525371365244,-1.8503846239202517,-1.6995344782083204,-1.5788832517603462,-1.4814387912331413,-1.4021915650619925,-1.3373982422895692,-1.2840189879859312,
-1.2829775898761866,-1.3362495369165184,-1.4010244378884087,-1.4800860261491529,-1.5775581910266832,-1.6982225597227614,-1.8489671956838871,-2.0399286105504824,-2.2863106324752165,-2.6039942266806695,-3.022758461879711,-3.596062428265159,-4.401779486593525,-5.581824945138565,-7.391243836406067,-10.40843111310936,-15.923825375176019,-27.764027559723186,-60.76364650063984,-170.53289302893631,0.0,-170.5328930289363,-60.763646500639844,-27.764027559723186,-15.923825375176019,-10.40843111310936,-7.391243836406067,-5.581824945138565,-4.401779486593525,-3.596062428265159,-3.022758461879711,-2.6039942266806695,-2.2863106324752165,-2.0399286105504824,-1.8489671956838871,-1.6982225597227614,-1.5775581910266832,-1.4800860261491529,-1.4010244378884087,-1.3362495369165184,-1.2829775898761866,
-1.2819276182378823,-1.3351062375399776,-1.3998983030844978,-1.4787773820891856,-1.5762273452784326,-1.6969097114055574,-1.8476982066826184,-2.0388626478635503,-2.3045728775253136,-2.59958293515559,-3.0209434210118284,-3.5944127513095934,-4.400231022659417,-5.5790672550894,-7.396145813731712,-10.478200198098559,-15.926385725438903,-27.819763393844855,-60.77501440251336,-161.73307705210294,0.0,-161.73307705210294,-60.77501440251336,-27.819763393844855,-15.926385725438905,-10.478200198098559,-7.396145813731712,-5.5790672550894,-4.400231022659417,-3.5944127513095934,-3.0209434210118284,-2.59958293515559,-2.3045728775253136,-2.0388626478635503,-1.8476982066826184,-1.6969097114055574,-1.5762273452784326,-1.4787773820891856,-1.3998983030844978,-1.3351062375399776,-1.2819276182378823,
-1.2808842411841643,-1.3339600116796695,-1.3987091401705152,-1.4775322660413233,-1.5748607086759256,-1.6954805802951665,-1.846528741348581,-2.0387109003907318,-2.290298867128316,-2.598129141011417,-3.019169532733717,-3.592794771333555,-4.398685842943582,-5.578222743074032,-7.395331249092656,-10.402381427069978,-15.928752484632463,-27.62127119275807,-60.60797156121314,-153.33530992360375,0.0,-153.33530992360375,-60.60797156121314,-27.62127119275807,-15.928752484632463,-10.402381427069978,-7.395331249092656,-5.578222743074032,-4.398685842943582,-3.592794771333555,-3.019169532733717,-2.598129141011417,-2.290298867128316,-2.0387109003907318,-1.846528741348581,-1.6954805802951665,-1.5748607086759256,-1.4775322660413233,-1.3987091401705152,-1.3339600116796695,-1.2808842411841643,
-1.2798390007668417,-1.3328420248473711,-1.3974644498887554,-1.47630692010186,-1.5735251494757407,-1.6940265681839308,-1.845318812359965,-2.0426239065344123,-2.2798338709952652,-2.596333637620307,-3.01747669373235,-3.591162281518025,-4.397188542741184,-5.575933528467774,-7.397930324113969,-10.404444324740073,-15.933149791197645,-27.738423401563992,-60.54225782460249,-145.44936865463012,0.0,-145.44936865463012,-60.54225782460249,-27.738423401563992,-15.933149791197645,-10.404444324740073,-7.397930324113969,-5.575933528467774,-4.397188542741184,-3.591162281518025,-3.01747669373235,-2.596333637620307,-2.2798338709952652,-2.0426239065344123,-1.845318812359965,-1.6940265681839308,-1.5735251494757407,-1.47630692010186,-1.3974644498887554,-1.3328420248473711,-1.2798390007668417,
-1.278783528934725,-1.331719484303434,-1.396187190806392,-1.4751023571293262,-1.5722395703933587,-1.6927414979753557,-1.844502260693815,-2.317608202335122,-2.277656964482165,-2.5945336093031215,-3.015819519658344,-3.589560570152435,-4.395908460477179,-5.57462277522509,-7.388631156099085,-10.404457713567181,-15.943473984799335,-27.75989503671516,-60.68330177897391,-138.23300068393905,0.0,-138.23300068393905,-60.68330177897391,-27.75989503671516,-15.943473984799335,-10.404457713567181,-7.388631156099085,-5.57462277522509,-4.395908460477179,-3.589560570152435,-3.015819519658344,-2.5945336093031215,-2.277656964482165,-2.317608202335122,-1.844502260693815,-1.6927414979753557,-1.5722395703933587,-1.4751023571293262,-1.396187190806392,-1.331719484303434,-1.278783528934725,
-1.277714966055441,-1.3306087589743694,-1.3949122150019084,-1.473842850553397,-1.5710357399807153,-1.691681702697483,-1.8453505189697021,-2.0357882381294723,-2.275801163206151,-2.5928130025279916,-3.0140450304329325,-3.587833695907637,-4.393974966076203,-5.5746967099285145,-7.390605789407386,-10.404791104419653,-16.045538490420334,-27.769698873073942,-60.67572103860679,-131.5297293983557,0.0,-131.5297293983557,-60.67572103860679,-27.769698873073942,-16.045538490420334,-10.404791104419653,-7.390605789407386,-5.5746967099285145,-4.393974966076203,-3.587833695907637,-3.0140450304329325,-2.5928130025279916,-2.275801163206151,-2.0357882381294723,-1.8453505189697021,-1.691681702697483,-1.5710357399807153,-1.473842850553397,-1.3949122150019084,-1.3306087589743694,-1.277714966055441,
-1.2766392309889165,-1.3295254921048747,-1.3936731027105667,-1.4725901543570428,-1.569714132526656,-1.6908166271008178,-1.8589337906445937,-2.030948169312404,-2.274059645569244,-2.5911278668130167,-3.012423805468738,-3.5861505738771378,-4.392550465856153,-5.569141918582235,-7.390231340652991,-10.406441443205052,-15.903575233222245,-27.77537462456232,-60.634596147769315,-125.35189255640265,0.0,-125.35189255640265,-60.634596147769315,-27.77537462456232,-15.903575233222245,-10.406441443205052,-7.390231340652991,-5.569141918582235,-4.392550465856153,-3.5861505738771378,-3.012423805468738,-2.5911278668130167,-2.274059645569244,-2.030948169312404,-1.8589337906445937,-1.6908166271008178,-1.569714132526656,-1.4725901543570428,-1.3936731027105667,-1.3295254921048747,-1.2766392309889165,
-1.275569608017899,-1.328416416675626,-1.3924906493898568,-1.471307345221428,-1.5684099319367906,-1.6901974641472242,-1.8727387108490916,-2.029085534170968,-2.2723408638988976,-2.5894371872904687,-3.010755441352163,-3.5844801997552884,-4.3919815689737725,-5.570458173416163,-7.389313215078939,-10.415258346986706,-15.923337360228848,-27.77811902103615,-60.600432152265505,-119.66179537749683,0.0,-119.66179537749683,-60.600432152265505,-27.77811902103615,-15.923337360228848,-10.415258346986706,-7.389313215078939,-5.570458173416163,-4.3919815689737725,-3.5844801997552884,-3.010755441352163,-2.5894371872904687,-2.2723408638988976,-2.029085534170968,-1.8727387108490916,-1.6901974641472242,-1.5684099319367906,-1.471307345221428,-1.3924906493898568,-1.328416416675626,-1.275569608017899,
-1.2745054175709278,-1.3272448387359193,-1.3913284038093863,-1.4700779674705013,-1.5672773666370765,-1.6919023263910127,-1.840246382659164,-2.027285808262966,-2.270644747621911,-2.5878206646182402,-3.0092153056187656,-3.5827536687525803,-4.387785465806281,-5.569181176636282,-7.388682400076612,-10.342774230744833,-15.92841038157005,-27.781153701594757,-60.554815221779684,-114.40226466518868,0.0,-114.40226466518868,-60.554815221779684,-27.781153701594757,-15.92841038157005,-10.342774230744833,-7.388682400076612,-5.569181176636282,-4.387785465806281,-3.5827536687525803,-3.0092153056187656,-2.5878206646182402,-2.270644747621911,-2.027285808262966,-1.840246382659164,-1.6919023263910127,-1.5672773666370765,-1.4700779674705013,-1.3913284038093863,-1.3272448387359193,-1.2745054175709278,
-1.273453538499788,-1.3260501385580417,-1.390201224311914,-1.4689530844843155,-1.5665792196463362,-1.7170013048854964,-1.836171676778636,-2.0255739267633,-2.268978720881141,-2.5861025063085292,-3.0075711815454245,-3.5810591318139036,-4.388367374342133,-5.567686765905031,-7.391335510014397,-10.392531695243525,-15.930049949045157,-27.7835198522321,-60.49967794359936,-109.61230018194462,0.0,-109.61230018194462,-60.49967794359936,-27.7835198522321,-15.930049949045157,-10.392531695243525,-7.391335510014397,-5.567686765905031,-4.388367374342133,-3.5810591318139036,-3.0075711815454245,-2.5861025063085292,-2.268978720881141,-2.0255739267633,-1.836171676778636,-1.7170013048854964,-1.5665792196463362,-1.4689530844843155,-1.390201224311914,-1.3260501385580417,-1.273453538499788,
-1.2723936716490551,-1.3248463509230715,-1.3890390584605736,-1.467829094895655,-1.566321838193147,-1.7132917259666467,-1.8343951899689148,-2.0238891295308155,-2.2673119609227297,-2.584419298546768,-3.0059176065884183,-3.581398957956678,-4.386340678869045,-5.567051703109931,-7.337613188086341,-10.396414737825186,-15.931117945713895,-27.787281599450598,-60.43136613302016,-105.15652319200012,0.0,-105.15652319200012,-60.43136613302016,-27.787281599450598,-15.931117945713895,-10.396414737825186,-7.337613188086341,-5.567051703109931,-4.386340678869045,-3.581398957956678,-3.0059176065884183,-2.584419298546768,-2.2673119609227297,-2.0238891295308155,-1.8343951899689148,-1.7132917259666467,-1.566321838193147,-1.467829094895655,-1.3890390584605736,-1.3248463509230715,-1.2723936716490551,
-1.2713580179445947,-1.323674583577007,-1.387891743467569,-1.4666899451929005,-1.5680639279499144,-1.6861592462942951,-1.8325872164871635,-2.022288031308017,-2.2656088626014723,-2.5827580570576405,-3.0042713598100668,-3.578256678430909,-4.384940280157585,-5.570194936046232,-7.377904474964014,-10.399022345763475,-15.931556195332409,-27.788710362146674,-60.34802304826634,-101.03067785977107,0.0,-101.03067785977107,-60.34802304826634,-27.788710362146674,-15.931556195332409,-10.399022345763475,-7.377904474964014,-5.570194936046232,-4.384940280157585,-3.578256678430909,-3.0042713598100668,-2.5827580570576405,-2.2656088626014723,-2.022288031308017,-1.8325872164871635,-1.6861592462942951,-1.5680639279499144,-1.4666899451929005,-1.387891743467569,-1.323674583577007,-1.2713580179445947,
-1.2703326124449998,-1.3225691941324207,-1.3867347596664956,-1.4658172193918928,-1.5900912209507496,-1.6816953674652135,-1.83077096174487,-2.0205769473014956,-2.2639058688650566,-2.581110900816156,-3.0025822838404044,-3.576562847716873,-4.3849015118225605,-5.53657581631793,-7.383377567019453,-10.398184923383393,-15.93193135025669,-27.786021282070166,-60.25529794488614,-97.19395904485943,0.0,-97.19395904485943,-60.25529794488614,-27.786021282070166,-15.93193135025669,-10.398184923383393,-7.383377567019453,-5.53657581631793,-4.3849015118225605,-3.576562847716873,-3.0025822838404044,-2.581110900816156,-2.2639058688650566,-2.0205769473014956,-1.83077096174487,-1.6816953674652135,-1.5900912209507496,-1.4658172193918928,-1.3867347596664956,-1.3225691941324207,-1.2703326124449998,
-1.2692600672403846,-1.3214841237378603,-1.3856612725611386,-1.4656906494799933,-1.6130723456359766,-1.6793398958504693,-1.8293255631448682,-2.018844404443173,-2.262270652385642,-2.5794771719641996,-3.0010047268678304,-3.575413558491633,-4.3772931547332075,-5.558401016747366,-7.381845870071497,-10.396878951801659,-15.932662911426092,-27.78521506567666,-60.162635234596046,-93.657506300979,0.0,-93.657506300979,-60.162635234596046,-27.78521506567666,-15.932662911426092,-10.396878951801659,-7.381845870071497,-5.558401016747366,-4.3772931547332075,-3.575413558491633,-3.0010047268678304,-2.5794771719641996,-2.262270652385642,-2.018844404443173,-1.8293255631448682,-1.6793398958504693,-1.6130723456359766,-1.4656906494799933,-1.3856612725611386,-1.3214841237378603,-1.2692600672403846,
-1.2681518086045551,-1.3204436978552108,-1.3847504656150547,-1.467070663888781,-1.563706280320912,-1.6778422625376703,-1.827587434983529,-2.017155402982827,-2.2606398806547325,-2.5777847783727617,-2.9995910602291147,-3.585889677988209,-4.377885565280332,-5.560760256519362,-7.379789784526818,-10.39598422622062,-15.933361567461823,-27.78818375519307,-60.05132170069499,-90.33186869407822,0.0,-90.33186869407822,-60.05132170069499,-27.78818375519307,-15.933361567461823,-10.39598422622062,-7.379789784526818,-5.560760256519362,-4.377885565280332,-3.585889677988209,-2.9995910602291147,-2.5777847783727617,-2.2606398806547325,-2.017155402982827,-1.827587434983529,-1.6778422625376703,-1.563706280320912,-1.467070663888781,-1.3847504656150547,-1.3204436978552108,-1.2681518086045551,
-1.2670319778086798,-1.3194346950366531,-1.3838690332428787,-1.4784317606305437,-1.5582660451914432,-1.6764364844825446,-1.8258504832144213,-2.0155468172102653,-2.2589225361437717,-2.5761232084928873,-3.0000425910534037,-3.5709126924258765,-4.377992712871971,-5.559180886602793,-7.378304226809341,-10.395710365841884,-15.932708045291497,-27.790248083500366,-59.91781455386672,-87.24022518331904,0.0,-87.24022518331904,-59.91781455386672,-27.790248083500366,-15.932708045291497,-10.395710365841884,-7.378304226809341,-5.559180886602793,-4.377992712871971,-3.5709126924258765,-3.0000425910534037,-2.5761232084928873,-2.2589225361437717,-2.0155468172102653,-1.8258504832144213,-1.6764364844825446,-1.5582660451914432,-1.4784317606305437,-1.3838690332428787,-1.3194346950366531,-1.2670319778086798,
-1.2659514023487553,-1.318422893731725,-1.3833413103189272,-2.1265951438244013,-1.5556345953414277,-1.6746204607372994,-1.8241880630961318,-2.0139364707373204,-2.257238557323209,-2.5744602483770325,-2.9958961419416736,-3.5700137698916232,-4.376812822978119,-5.557190219259159,-7.377480719901347,-10.395005219473015,-15.931591026489142,-27.787784506302913,-59.77126963755862,-84.67450328727303,0.0,-84.67450328727303,-59.77126963755862,-27.787784506302913,-15.931591026489142,-10.395005219473015,-7.377480719901347,-5.557190219259159,-4.376812822978119,-3.5700137698916232,-2.9958961419416736,-2.5744602483770325,-2.257238557323209,-2.0139364707373204,-1.8241880630961318,-1.6746204607372994,-1.5556345953414277,-2.1265951438244013,-1.3833413103189272,-1.318422893731725,-1.2659514023487553,
-1.2649258225305857,-1.3174338347167402,-1.3841191921476452,-1.4687883913958657,-1.554192290523301,-1.673057388950287,-1.8226147914495585,-2.012292155119945,-2.2555405238156867,-2.5727645567184023,-2.994373388092269,-3.568540669707483,-4.375344364077226,-5.555852330461507,-7.376648733216972,-10.394578890968585,-15.932122687072367,-27.778708520754407,-59.611548938731524,-81.64478352004983,0.0,-81.64478352004983,-59.611548938731524,-27.778708520754407,-15.932122687072367,-10.394578890968585,-7.376648733216972,-5.555852330461507,-4.375344364077226,-3.568540669707483,-2.994373388092269,-2.5727645567184023,-2.2555405238156867,-2.012292155119945,-1.8226147914495585,-1.673057388950287,-1.554192290523301,-1.4687883913958657,-1.3841191921476452,-1.3174338347167402,-1.2649258225305857,
